"","InTop10","count","hours"
"1","Other Artists",110352,5513.42769916667
"2","Top 10",26886,1479.23294027778
